concept_0,year_0,yearly frequency_0,rank_0,level_0,concept historical total_0,yearly vis total_0,proportion_0,concept_1,year_1,yearly frequency_1,rank_1,level_1,concept historical total_1,yearly vis total_1,proportion_1,concept_2,year_2,yearly frequency_2,rank_2,level_2,concept historical total_2,yearly vis total_2,proportion_2,concept_3,year_3,yearly frequency_3,rank_3,level_3,concept historical total_3,yearly vis total_3,proportion_3
Computer science,1990,50,1,0,3189,52,0.9615384615384616,Artificial intelligence,1990,14,1,1,1226,52,0.2692307692307692,Visualization,1990,30,1,2,2266,52,0.5769230769230769,Data visualization,1990,18,1,3,1438,52,0.34615384615384615
Computer science,1991,48,1,0,3189,50,0.96,Artificial intelligence,1991,16,1,1,1226,50,0.32,Visualization,1991,38,1,2,2266,50,0.76,Data visualization,1991,25,1,3,1438,50,0.5
Computer science,1992,51,1,0,3189,53,0.9622641509433962,Artificial intelligence,1992,15,1,1,1226,53,0.2830188679245283,Visualization,1992,33,1,2,2266,53,0.6226415094339622,Data visualization,1992,24,1,3,1438,53,0.4528301886792453
Computer science,1993,54,1,0,3189,55,0.9818181818181818,Artificial intelligence,1993,15,1,1,1226,55,0.2727272727272727,Visualization,1993,37,1,2,2266,55,0.6727272727272727,Data visualization,1993,21,1,3,1438,55,0.38181818181818183
Computer science,1994,48,1,0,3189,53,0.9056603773584906,Artificial intelligence,1994,10,1,1,1226,53,0.18867924528301888,Visualization,1994,36,1,2,2266,53,0.6792452830188679,Data visualization,1994,20,1,3,1438,53,0.37735849056603776
Computer science,1995,73,1,0,3189,74,0.9864864864864865,Artificial intelligence,1995,22,1,1,1226,74,0.2972972972972973,Visualization,1995,49,1,2,2266,74,0.6621621621621622,Data visualization,1995,25,1,3,1438,74,0.33783783783783783
Computer science,1996,76,1,0,3189,77,0.987012987012987,Artificial intelligence,1996,26,1,1,1226,77,0.33766233766233766,Visualization,1996,48,1,2,2266,77,0.6233766233766234,Data visualization,1996,29,1,3,1438,77,0.37662337662337664
Computer science,1997,85,1,0,3189,88,0.9659090909090909,Artificial intelligence,1997,27,1,1,1226,88,0.3068181818181818,Visualization,1997,43,1,2,2266,88,0.48863636363636365,Data visualization,1997,34,1,3,1438,88,0.38636363636363635
Computer science,1998,87,1,0,3189,90,0.9666666666666667,Artificial intelligence,1998,31,1,1,1226,90,0.34444444444444444,Visualization,1998,48,1,2,2266,90,0.5333333333333333,Data visualization,1998,29,1,3,1438,90,0.32222222222222224
Computer science,1999,87,1,0,3189,88,0.9886363636363636,Artificial intelligence,1999,25,1,1,1226,88,0.2840909090909091,Visualization,1999,50,1,2,2266,88,0.5681818181818182,Data visualization,1999,30,1,3,1438,88,0.3409090909090909
Computer science,2000,91,1,0,3189,92,0.9891304347826086,Artificial intelligence,2000,35,1,1,1226,92,0.3804347826086957,Visualization,2000,55,1,2,2266,92,0.5978260869565217,Data visualization,2000,35,1,3,1438,92,0.3804347826086957
Computer science,2001,95,1,0,3189,96,0.9895833333333334,Artificial intelligence,2001,34,1,1,1226,96,0.3541666666666667,Visualization,2001,54,1,2,2266,96,0.5625,Data visualization,2001,25,1,3,1438,96,0.2604166666666667
Computer science,2002,97,1,0,3189,101,0.9603960396039604,Artificial intelligence,2002,44,1,1,1226,101,0.43564356435643564,Visualization,2002,56,1,2,2266,101,0.5544554455445545,Data visualization,2002,36,1,3,1438,101,0.3564356435643564
Computer science,2003,100,1,0,3189,102,0.9803921568627451,Artificial intelligence,2003,44,1,1,1226,102,0.43137254901960786,Visualization,2003,66,1,2,2266,102,0.6470588235294118,Data visualization,2003,41,1,3,1438,102,0.4019607843137255
Computer science,2004,94,1,0,3189,97,0.9690721649484536,Artificial intelligence,2004,31,1,1,1226,97,0.31958762886597936,Visualization,2004,61,1,2,2266,97,0.6288659793814433,Data visualization,2004,30,1,3,1438,97,0.30927835051546393
Computer science,2005,114,1,0,3189,119,0.957983193277311,Artificial intelligence,2005,44,1,1,1226,119,0.3697478991596639,Visualization,2005,70,1,2,2266,119,0.5882352941176471,Data visualization,2005,35,1,3,1438,119,0.29411764705882354
Computer science,2006,112,1,0,3189,113,0.9911504424778761,Artificial intelligence,2006,41,1,1,1226,113,0.36283185840707965,Visualization,2006,86,1,2,2266,113,0.7610619469026548,Data visualization,2006,57,1,3,1438,113,0.504424778761062
Computer science,2007,107,1,0,3189,107,1.0,Artificial intelligence,2007,44,1,1,1226,107,0.411214953271028,Visualization,2007,79,1,2,2266,107,0.7383177570093458,Data visualization,2007,47,1,3,1438,107,0.4392523364485981
Computer science,2008,98,1,0,3189,99,0.98989898989899,Artificial intelligence,2008,38,1,1,1226,99,0.3838383838383838,Visualization,2008,79,1,2,2266,99,0.797979797979798,Data visualization,2008,61,1,3,1438,99,0.6161616161616161
Computer science,2009,117,1,0,3189,117,1.0,Artificial intelligence,2009,47,1,1,1226,117,0.4017094017094017,Visualization,2009,86,1,2,2266,117,0.7350427350427351,Data visualization,2009,64,1,3,1438,117,0.5470085470085471
Computer science,2010,109,1,0,3189,109,1.0,Artificial intelligence,2010,50,1,1,1226,109,0.45871559633027525,Visualization,2010,83,1,2,2266,109,0.7614678899082569,Data visualization,2010,53,1,3,1438,109,0.48623853211009177
Computer science,2011,118,1,0,3189,119,0.9915966386554622,Artificial intelligence,2011,54,1,1,1226,119,0.453781512605042,Visualization,2011,81,1,2,2266,119,0.680672268907563,Data visualization,2011,60,1,3,1438,119,0.5042016806722689
Computer science,2012,116,1,0,3189,116,1.0,Artificial intelligence,2012,47,1,1,1226,116,0.4051724137931034,Visualization,2012,93,1,2,2266,116,0.8017241379310345,Data visualization,2012,66,1,3,1438,116,0.5689655172413793
Computer science,2013,101,1,0,3189,101,1.0,Artificial intelligence,2013,38,1,1,1226,101,0.37623762376237624,Visualization,2013,76,1,2,2266,101,0.7524752475247525,Data visualization,2013,54,1,3,1438,101,0.5346534653465347
Computer science,2014,133,1,0,3189,133,1.0,Artificial intelligence,2014,49,1,1,1226,133,0.3684210526315789,Visualization,2014,110,1,2,2266,133,0.8270676691729323,Data visualization,2014,69,1,3,1438,133,0.518796992481203
Computer science,2015,125,1,0,3189,127,0.984251968503937,Artificial intelligence,2015,53,1,1,1226,127,0.41732283464566927,Visualization,2015,94,1,2,2266,127,0.7401574803149606,Data visualization,2015,63,1,3,1438,127,0.49606299212598426
Computer science,2016,112,1,0,3189,115,0.9739130434782609,Artificial intelligence,2016,42,1,1,1226,115,0.3652173913043478,Visualization,2016,87,1,2,2266,115,0.7565217391304347,Data visualization,2016,63,1,3,1438,115,0.5478260869565217
Computer science,2017,114,1,0,3189,114,1.0,Artificial intelligence,2017,49,1,1,1226,114,0.4298245614035088,Visualization,2017,90,1,2,2266,114,0.7894736842105263,Data visualization,2017,49,1,3,1438,114,0.4298245614035088
Computer science,2018,127,1,0,3189,127,1.0,Artificial intelligence,2018,56,1,1,1226,127,0.4409448818897638,Visualization,2018,110,1,2,2266,127,0.8661417322834646,Data visualization,2018,64,1,3,1438,127,0.5039370078740157
Computer science,2019,129,1,0,3189,129,1.0,Artificial intelligence,2019,54,1,1,1226,129,0.4186046511627907,Visualization,2019,99,1,2,2266,129,0.7674418604651163,Data visualization,2019,62,1,3,1438,129,0.4806201550387597
Computer science,2020,157,1,0,3189,157,1.0,Artificial intelligence,2020,67,1,1,1226,157,0.4267515923566879,Visualization,2020,122,1,2,2266,157,0.7770700636942676,Data visualization,2020,81,1,3,1438,157,0.5159235668789809
Computer science,2021,164,1,0,3189,170,0.9647058823529412,Artificial intelligence,2021,64,1,1,1226,170,0.3764705882352941,Visualization,2021,117,1,2,2266,170,0.6882352941176471,Data visualization,2021,68,1,3,1438,170,0.4
Mathematics,1990,10,2,0,185,52,0.19230769230769232,Data mining,1990,2,2,1,843,52,0.038461538461538464,Rendering (computer graphics),1990,10,2,2,502,52,0.19230769230769232,Visual analytics,1990,3,2,3,486,52,0.057692307692307696
Mathematics,1991,3,2,0,185,50,0.06,Data mining,1991,5,2,1,843,50,0.1,Rendering (computer graphics),1991,17,2,2,502,50,0.34,Visual analytics,1991,1,2,3,486,50,0.02
Mathematics,1992,7,2,0,185,53,0.1320754716981132,Data mining,1992,4,2,1,843,53,0.07547169811320754,Rendering (computer graphics),1992,10,2,2,502,53,0.18867924528301888,Visual analytics,1992,2,2,3,486,53,0.03773584905660377
Mathematics,1993,2,2,0,185,55,0.03636363636363636,Data mining,1993,4,2,1,843,55,0.07272727272727272,Rendering (computer graphics),1993,12,2,2,502,55,0.21818181818181817,Visual analytics,1993,0,2,3,486,55,0.0
Mathematics,1994,7,2,0,185,53,0.1320754716981132,Data mining,1994,4,2,1,843,53,0.07547169811320754,Rendering (computer graphics),1994,12,2,2,502,53,0.22641509433962265,Visual analytics,1994,2,2,3,486,53,0.03773584905660377
Mathematics,1995,7,2,0,185,74,0.0945945945945946,Data mining,1995,9,2,1,843,74,0.12162162162162163,Rendering (computer graphics),1995,17,2,2,502,74,0.22972972972972974,Visual analytics,1995,3,2,3,486,74,0.04054054054054054
Mathematics,1996,7,2,0,185,77,0.09090909090909091,Data mining,1996,10,2,1,843,77,0.12987012987012986,Rendering (computer graphics),1996,19,2,2,502,77,0.24675324675324675,Visual analytics,1996,1,2,3,486,77,0.012987012987012988
Mathematics,1997,9,2,0,185,88,0.10227272727272728,Data mining,1997,19,2,1,843,88,0.2159090909090909,Rendering (computer graphics),1997,21,2,2,502,88,0.23863636363636365,Visual analytics,1997,3,2,3,486,88,0.03409090909090909
Mathematics,1998,14,2,0,185,90,0.15555555555555556,Data mining,1998,10,2,1,843,90,0.1111111111111111,Rendering (computer graphics),1998,14,2,2,502,90,0.15555555555555556,Visual analytics,1998,4,2,3,486,90,0.044444444444444446
Mathematics,1999,10,2,0,185,88,0.11363636363636363,Data mining,1999,17,2,1,843,88,0.19318181818181818,Rendering (computer graphics),1999,19,2,2,502,88,0.2159090909090909,Visual analytics,1999,5,2,3,486,88,0.056818181818181816
Mathematics,2000,11,2,0,185,92,0.11956521739130435,Data mining,2000,12,2,1,843,92,0.13043478260869565,Rendering (computer graphics),2000,23,2,2,502,92,0.25,Visual analytics,2000,1,2,3,486,92,0.010869565217391304
Mathematics,2001,9,2,0,185,96,0.09375,Data mining,2001,21,2,1,843,96,0.21875,Rendering (computer graphics),2001,21,2,2,502,96,0.21875,Visual analytics,2001,0,2,3,486,96,0.0
Mathematics,2002,12,2,0,185,101,0.1188118811881188,Data mining,2002,14,2,1,843,101,0.13861386138613863,Rendering (computer graphics),2002,32,2,2,502,101,0.31683168316831684,Visual analytics,2002,2,2,3,486,101,0.019801980198019802
Mathematics,2003,11,2,0,185,102,0.10784313725490197,Data mining,2003,18,2,1,843,102,0.17647058823529413,Rendering (computer graphics),2003,27,2,2,502,102,0.2647058823529412,Visual analytics,2003,2,2,3,486,102,0.0196078431372549
Mathematics,2004,14,2,0,185,97,0.14432989690721648,Data mining,2004,12,2,1,843,97,0.12371134020618557,Rendering (computer graphics),2004,24,2,2,502,97,0.24742268041237114,Visual analytics,2004,2,2,3,486,97,0.020618556701030927
Mathematics,2005,12,2,0,185,119,0.10084033613445378,Data mining,2005,21,2,1,843,119,0.17647058823529413,Rendering (computer graphics),2005,37,2,2,502,119,0.31092436974789917,Visual analytics,2005,3,2,3,486,119,0.025210084033613446
Mathematics,2006,4,2,0,185,113,0.035398230088495575,Data mining,2006,31,2,1,843,113,0.2743362831858407,Rendering (computer graphics),2006,22,2,2,502,113,0.19469026548672566,Visual analytics,2006,15,2,3,486,113,0.13274336283185842
Mathematics,2007,1,2,0,185,107,0.009345794392523364,Data mining,2007,28,2,1,843,107,0.2616822429906542,Rendering (computer graphics),2007,20,2,2,502,107,0.18691588785046728,Visual analytics,2007,11,2,3,486,107,0.102803738317757
Mathematics,2008,5,2,0,185,99,0.050505050505050504,Data mining,2008,34,2,1,843,99,0.3434343434343434,Rendering (computer graphics),2008,12,2,2,502,99,0.12121212121212122,Visual analytics,2008,19,2,3,486,99,0.1919191919191919
Mathematics,2009,2,2,0,185,117,0.017094017094017096,Data mining,2009,38,2,1,843,117,0.3247863247863248,Rendering (computer graphics),2009,18,2,2,502,117,0.15384615384615385,Visual analytics,2009,19,2,3,486,117,0.1623931623931624
Mathematics,2010,2,2,0,185,109,0.01834862385321101,Data mining,2010,36,2,1,843,109,0.3302752293577982,Rendering (computer graphics),2010,18,2,2,502,109,0.1651376146788991,Visual analytics,2010,24,2,3,486,109,0.22018348623853212
Mathematics,2011,2,2,0,185,119,0.01680672268907563,Data mining,2011,40,2,1,843,119,0.33613445378151263,Rendering (computer graphics),2011,12,2,2,502,119,0.10084033613445378,Visual analytics,2011,26,2,3,486,119,0.2184873949579832
Mathematics,2012,2,2,0,185,116,0.017241379310344827,Data mining,2012,43,2,1,843,116,0.3706896551724138,Rendering (computer graphics),2012,17,2,2,502,116,0.14655172413793102,Visual analytics,2012,28,2,3,486,116,0.2413793103448276
Mathematics,2013,4,2,0,185,101,0.039603960396039604,Data mining,2013,33,2,1,843,101,0.32673267326732675,Rendering (computer graphics),2013,7,2,2,502,101,0.06930693069306931,Visual analytics,2013,21,2,3,486,101,0.2079207920792079
Mathematics,2014,1,2,0,185,133,0.007518796992481203,Data mining,2014,48,2,1,843,133,0.3609022556390977,Rendering (computer graphics),2014,8,2,2,502,133,0.06015037593984962,Visual analytics,2014,40,2,3,486,133,0.3007518796992481
Mathematics,2015,3,2,0,185,127,0.023622047244094488,Data mining,2015,48,2,1,843,127,0.3779527559055118,Rendering (computer graphics),2015,6,2,2,502,127,0.047244094488188976,Visual analytics,2015,37,2,3,486,127,0.29133858267716534
Mathematics,2016,2,2,0,185,115,0.017391304347826087,Data mining,2016,45,2,1,843,115,0.391304347826087,Rendering (computer graphics),2016,7,2,2,502,115,0.06086956521739131,Visual analytics,2016,27,2,3,486,115,0.23478260869565218
Mathematics,2017,2,2,0,185,114,0.017543859649122806,Data mining,2017,42,2,1,843,114,0.3684210526315789,Rendering (computer graphics),2017,5,2,2,502,114,0.043859649122807015,Visual analytics,2017,33,2,3,486,114,0.2894736842105263
Mathematics,2018,2,2,0,185,127,0.015748031496062992,Data mining,2018,50,2,1,843,127,0.3937007874015748,Rendering (computer graphics),2018,8,2,2,502,127,0.06299212598425197,Visual analytics,2018,30,2,3,486,127,0.23622047244094488
Mathematics,2019,1,2,0,185,129,0.007751937984496124,Data mining,2019,42,2,1,843,129,0.32558139534883723,Rendering (computer graphics),2019,7,2,2,502,129,0.05426356589147287,Visual analytics,2019,37,2,3,486,129,0.2868217054263566
Mathematics,2020,3,2,0,185,157,0.01910828025477707,Data mining,2020,62,2,1,843,157,0.39490445859872614,Rendering (computer graphics),2020,9,2,2,502,157,0.05732484076433121,Visual analytics,2020,47,2,3,486,157,0.29936305732484075
Mathematics,2021,4,2,0,185,170,0.023529411764705882,Data mining,2021,41,2,1,843,170,0.2411764705882353,Rendering (computer graphics),2021,11,2,2,502,170,0.06470588235294118,Visual analytics,2021,38,2,3,486,170,0.2235294117647059
Physics,1990,2,3,0,41,52,0.038461538461538464,Human–computer interaction,1990,11,3,1,796,52,0.21153846153846154,Set (abstract data type),1990,2,3,2,382,52,0.038461538461538464,Information visualization,1990,7,3,3,388,52,0.1346153846153846
Physics,1991,0,3,0,41,50,0.0,Human–computer interaction,1991,11,3,1,796,50,0.22,Set (abstract data type),1991,2,3,2,382,50,0.04,Information visualization,1991,8,3,3,388,50,0.16
Physics,1992,1,3,0,41,53,0.018867924528301886,Human–computer interaction,1992,8,3,1,796,53,0.1509433962264151,Set (abstract data type),1992,4,3,2,382,53,0.07547169811320754,Information visualization,1992,6,3,3,388,53,0.11320754716981132
Physics,1993,2,3,0,41,55,0.03636363636363636,Human–computer interaction,1993,5,3,1,796,55,0.09090909090909091,Set (abstract data type),1993,6,3,2,382,55,0.10909090909090909,Information visualization,1993,4,3,3,388,55,0.07272727272727272
Physics,1994,3,3,0,41,53,0.05660377358490566,Human–computer interaction,1994,9,3,1,796,53,0.16981132075471697,Set (abstract data type),1994,1,3,2,382,53,0.018867924528301886,Information visualization,1994,4,3,3,388,53,0.07547169811320754
Physics,1995,1,3,0,41,74,0.013513513513513514,Human–computer interaction,1995,19,3,1,796,74,0.25675675675675674,Set (abstract data type),1995,6,3,2,382,74,0.08108108108108109,Information visualization,1995,13,3,3,388,74,0.17567567567567569
Physics,1996,0,3,0,41,77,0.0,Human–computer interaction,1996,17,3,1,796,77,0.22077922077922077,Set (abstract data type),1996,6,3,2,382,77,0.07792207792207792,Information visualization,1996,10,3,3,388,77,0.12987012987012986
Physics,1997,3,3,0,41,88,0.03409090909090909,Human–computer interaction,1997,17,3,1,796,88,0.19318181818181818,Set (abstract data type),1997,9,3,2,382,88,0.10227272727272728,Information visualization,1997,9,3,3,388,88,0.10227272727272728
Physics,1998,0,3,0,41,90,0.0,Human–computer interaction,1998,14,3,1,796,90,0.15555555555555556,Set (abstract data type),1998,8,3,2,382,90,0.08888888888888889,Information visualization,1998,12,3,3,388,90,0.13333333333333333
Physics,1999,0,3,0,41,88,0.0,Human–computer interaction,1999,16,3,1,796,88,0.18181818181818182,Set (abstract data type),1999,9,3,2,382,88,0.10227272727272728,Information visualization,1999,8,3,3,388,88,0.09090909090909091
Physics,2000,2,3,0,41,92,0.021739130434782608,Human–computer interaction,2000,19,3,1,796,92,0.20652173913043478,Set (abstract data type),2000,8,3,2,382,92,0.08695652173913043,Information visualization,2000,19,3,3,388,92,0.20652173913043478
Physics,2001,1,3,0,41,96,0.010416666666666666,Human–computer interaction,2001,18,3,1,796,96,0.1875,Set (abstract data type),2001,8,3,2,382,96,0.08333333333333333,Information visualization,2001,8,3,3,388,96,0.08333333333333333
Physics,2002,0,3,0,41,101,0.0,Human–computer interaction,2002,14,3,1,796,101,0.13861386138613863,Set (abstract data type),2002,6,3,2,382,101,0.0594059405940594,Information visualization,2002,13,3,3,388,101,0.12871287128712872
Physics,2003,0,3,0,41,102,0.0,Human–computer interaction,2003,14,3,1,796,102,0.13725490196078433,Set (abstract data type),2003,11,3,2,382,102,0.10784313725490197,Information visualization,2003,8,3,3,388,102,0.0784313725490196
Physics,2004,3,3,0,41,97,0.030927835051546393,Human–computer interaction,2004,13,3,1,796,97,0.13402061855670103,Set (abstract data type),2004,10,3,2,382,97,0.10309278350515463,Information visualization,2004,7,3,3,388,97,0.07216494845360824
Physics,2005,4,3,0,41,119,0.03361344537815126,Human–computer interaction,2005,16,3,1,796,119,0.13445378151260504,Set (abstract data type),2005,15,3,2,382,119,0.12605042016806722,Information visualization,2005,8,3,3,388,119,0.06722689075630252
Physics,2006,1,3,0,41,113,0.008849557522123894,Human–computer interaction,2006,23,3,1,796,113,0.20353982300884957,Set (abstract data type),2006,17,3,2,382,113,0.1504424778761062,Information visualization,2006,16,3,3,388,113,0.1415929203539823
Physics,2007,3,3,0,41,107,0.028037383177570093,Human–computer interaction,2007,32,3,1,796,107,0.29906542056074764,Set (abstract data type),2007,16,3,2,382,107,0.14953271028037382,Information visualization,2007,15,3,3,388,107,0.14018691588785046
Physics,2008,2,3,0,41,99,0.020202020202020204,Human–computer interaction,2008,22,3,1,796,99,0.2222222222222222,Set (abstract data type),2008,9,3,2,382,99,0.09090909090909091,Information visualization,2008,13,3,3,388,99,0.13131313131313133
Physics,2009,0,3,0,41,117,0.0,Human–computer interaction,2009,28,3,1,796,117,0.23931623931623933,Set (abstract data type),2009,14,3,2,382,117,0.11965811965811966,Information visualization,2009,13,3,3,388,117,0.1111111111111111
Physics,2010,2,3,0,41,109,0.01834862385321101,Human–computer interaction,2010,31,3,1,796,109,0.28440366972477066,Set (abstract data type),2010,12,3,2,382,109,0.11009174311926606,Information visualization,2010,16,3,3,388,109,0.14678899082568808
Physics,2011,2,3,0,41,119,0.01680672268907563,Human–computer interaction,2011,19,3,1,796,119,0.15966386554621848,Set (abstract data type),2011,16,3,2,382,119,0.13445378151260504,Information visualization,2011,15,3,3,388,119,0.12605042016806722
Physics,2012,1,3,0,41,116,0.008620689655172414,Human–computer interaction,2012,34,3,1,796,116,0.29310344827586204,Set (abstract data type),2012,10,3,2,382,116,0.08620689655172414,Information visualization,2012,17,3,3,388,116,0.14655172413793102
Physics,2013,0,3,0,41,101,0.0,Human–computer interaction,2013,30,3,1,796,101,0.297029702970297,Set (abstract data type),2013,14,3,2,382,101,0.13861386138613863,Information visualization,2013,13,3,3,388,101,0.12871287128712872
Physics,2014,1,3,0,41,133,0.007518796992481203,Human–computer interaction,2014,40,3,1,796,133,0.3007518796992481,Set (abstract data type),2014,21,3,2,382,133,0.15789473684210525,Information visualization,2014,15,3,3,388,133,0.11278195488721804
Physics,2015,2,3,0,41,127,0.015748031496062992,Human–computer interaction,2015,34,3,1,796,127,0.2677165354330709,Set (abstract data type),2015,20,3,2,382,127,0.15748031496062992,Information visualization,2015,17,3,3,388,127,0.13385826771653545
Physics,2016,2,3,0,41,115,0.017391304347826087,Human–computer interaction,2016,34,3,1,796,115,0.2956521739130435,Set (abstract data type),2016,20,3,2,382,115,0.17391304347826086,Information visualization,2016,13,3,3,388,115,0.11304347826086956
Physics,2017,0,3,0,41,114,0.0,Human–computer interaction,2017,41,3,1,796,114,0.35964912280701755,Set (abstract data type),2017,20,3,2,382,114,0.17543859649122806,Information visualization,2017,14,3,3,388,114,0.12280701754385964
Physics,2018,1,3,0,41,127,0.007874015748031496,Human–computer interaction,2018,44,3,1,796,127,0.3464566929133858,Set (abstract data type),2018,19,3,2,382,127,0.14960629921259844,Information visualization,2018,15,3,3,388,127,0.11811023622047244
Physics,2019,0,3,0,41,129,0.0,Human–computer interaction,2019,53,3,1,796,129,0.4108527131782946,Set (abstract data type),2019,18,3,2,382,129,0.13953488372093023,Information visualization,2019,15,3,3,388,129,0.11627906976744186
Physics,2020,1,3,0,41,157,0.006369426751592357,Human–computer interaction,2020,52,3,1,796,157,0.33121019108280253,Set (abstract data type),2020,24,3,2,382,157,0.15286624203821655,Information visualization,2020,19,3,3,388,157,0.12101910828025478
Physics,2021,1,3,0,41,170,0.0058823529411764705,Human–computer interaction,2021,58,3,1,796,170,0.3411764705882353,Set (abstract data type),2021,21,3,2,382,170,0.12352941176470589,Information visualization,2021,18,3,3,388,170,0.10588235294117647
Geology,1990,0,4,0,30,52,0.0,Computer graphics (images),1990,28,4,1,728,52,0.5384615384615384,Process (computing),1990,5,4,2,345,52,0.09615384615384616,Volume rendering,1990,4,4,3,273,52,0.07692307692307693
Geology,1991,1,4,0,30,50,0.02,Computer graphics (images),1991,26,4,1,728,50,0.52,Process (computing),1991,4,4,2,345,50,0.08,Volume rendering,1991,12,4,3,273,50,0.24
Geology,1992,2,4,0,30,53,0.03773584905660377,Computer graphics (images),1992,29,4,1,728,53,0.5471698113207547,Process (computing),1992,3,4,2,345,53,0.05660377358490566,Volume rendering,1992,8,4,3,273,53,0.1509433962264151
Geology,1993,3,4,0,30,55,0.05454545454545454,Computer graphics (images),1993,22,4,1,728,55,0.4,Process (computing),1993,5,4,2,345,55,0.09090909090909091,Volume rendering,1993,10,4,3,273,55,0.18181818181818182
Geology,1994,2,4,0,30,53,0.03773584905660377,Computer graphics (images),1994,19,4,1,728,53,0.3584905660377358,Process (computing),1994,2,4,2,345,53,0.03773584905660377,Volume rendering,1994,8,4,3,273,53,0.1509433962264151
Geology,1995,0,4,0,30,74,0.0,Computer graphics (images),1995,22,4,1,728,74,0.2972972972972973,Process (computing),1995,8,4,2,345,74,0.10810810810810811,Volume rendering,1995,9,4,3,273,74,0.12162162162162163
Geology,1996,1,4,0,30,77,0.012987012987012988,Computer graphics (images),1996,28,4,1,728,77,0.36363636363636365,Process (computing),1996,2,4,2,345,77,0.025974025974025976,Volume rendering,1996,11,4,3,273,77,0.14285714285714285
Geology,1997,0,4,0,30,88,0.0,Computer graphics (images),1997,34,4,1,728,88,0.38636363636363635,Process (computing),1997,7,4,2,345,88,0.07954545454545454,Volume rendering,1997,11,4,3,273,88,0.125
Geology,1998,3,4,0,30,90,0.03333333333333333,Computer graphics (images),1998,31,4,1,728,90,0.34444444444444444,Process (computing),1998,5,4,2,345,90,0.05555555555555555,Volume rendering,1998,4,4,3,273,90,0.044444444444444446
Geology,1999,0,4,0,30,88,0.0,Computer graphics (images),1999,34,4,1,728,88,0.38636363636363635,Process (computing),1999,6,4,2,345,88,0.06818181818181818,Volume rendering,1999,9,4,3,273,88,0.10227272727272728
Geology,2000,2,4,0,30,92,0.021739130434782608,Computer graphics (images),2000,34,4,1,728,92,0.3695652173913043,Process (computing),2000,3,4,2,345,92,0.03260869565217391,Volume rendering,2000,8,4,3,273,92,0.08695652173913043
Geology,2001,0,4,0,30,96,0.0,Computer graphics (images),2001,35,4,1,728,96,0.3645833333333333,Process (computing),2001,7,4,2,345,96,0.07291666666666667,Volume rendering,2001,13,4,3,273,96,0.13541666666666666
Geology,2002,3,4,0,30,101,0.0297029702970297,Computer graphics (images),2002,39,4,1,728,101,0.38613861386138615,Process (computing),2002,6,4,2,345,101,0.0594059405940594,Volume rendering,2002,14,4,3,273,101,0.13861386138613863
Geology,2003,0,4,0,30,102,0.0,Computer graphics (images),2003,40,4,1,728,102,0.39215686274509803,Process (computing),2003,5,4,2,345,102,0.049019607843137254,Volume rendering,2003,20,4,3,273,102,0.19607843137254902
Geology,2004,1,4,0,30,97,0.010309278350515464,Computer graphics (images),2004,34,4,1,728,97,0.35051546391752575,Process (computing),2004,5,4,2,345,97,0.05154639175257732,Volume rendering,2004,14,4,3,273,97,0.14432989690721648
Geology,2005,3,4,0,30,119,0.025210084033613446,Computer graphics (images),2005,41,4,1,728,119,0.3445378151260504,Process (computing),2005,9,4,2,345,119,0.07563025210084033,Volume rendering,2005,20,4,3,273,119,0.16806722689075632
Geology,2006,0,4,0,30,113,0.0,Computer graphics (images),2006,27,4,1,728,113,0.23893805309734514,Process (computing),2006,10,4,2,345,113,0.08849557522123894,Volume rendering,2006,14,4,3,273,113,0.12389380530973451
Geology,2007,0,4,0,30,107,0.0,Computer graphics (images),2007,21,4,1,728,107,0.19626168224299065,Process (computing),2007,5,4,2,345,107,0.04672897196261682,Volume rendering,2007,11,4,3,273,107,0.102803738317757
Geology,2008,1,4,0,30,99,0.010101010101010102,Computer graphics (images),2008,17,4,1,728,99,0.1717171717171717,Process (computing),2008,14,4,2,345,99,0.1414141414141414,Volume rendering,2008,6,4,3,273,99,0.06060606060606061
Geology,2009,0,4,0,30,117,0.0,Computer graphics (images),2009,26,4,1,728,117,0.2222222222222222,Process (computing),2009,13,4,2,345,117,0.1111111111111111,Volume rendering,2009,12,4,3,273,117,0.10256410256410256
Geology,2010,0,4,0,30,109,0.0,Computer graphics (images),2010,24,4,1,728,109,0.22018348623853212,Process (computing),2010,13,4,2,345,109,0.11926605504587157,Volume rendering,2010,11,4,3,273,109,0.10091743119266056
Geology,2011,0,4,0,30,119,0.0,Computer graphics (images),2011,22,4,1,728,119,0.18487394957983194,Process (computing),2011,12,4,2,345,119,0.10084033613445378,Volume rendering,2011,9,4,3,273,119,0.07563025210084033
Geology,2012,2,4,0,30,116,0.017241379310344827,Computer graphics (images),2012,15,4,1,728,116,0.12931034482758622,Process (computing),2012,17,4,2,345,116,0.14655172413793102,Volume rendering,2012,10,4,3,273,116,0.08620689655172414
Geology,2013,0,4,0,30,101,0.0,Computer graphics (images),2013,12,4,1,728,101,0.1188118811881188,Process (computing),2013,13,4,2,345,101,0.12871287128712872,Volume rendering,2013,3,4,3,273,101,0.0297029702970297
Geology,2014,1,4,0,30,133,0.007518796992481203,Computer graphics (images),2014,12,4,1,728,133,0.09022556390977443,Process (computing),2014,20,4,2,345,133,0.15037593984962405,Volume rendering,2014,6,4,3,273,133,0.045112781954887216
Geology,2015,1,4,0,30,127,0.007874015748031496,Computer graphics (images),2015,8,4,1,728,127,0.06299212598425197,Process (computing),2015,16,4,2,345,127,0.12598425196850394,Volume rendering,2015,0,4,3,273,127,0.0
Geology,2016,0,4,0,30,115,0.0,Computer graphics (images),2016,7,4,1,728,115,0.06086956521739131,Process (computing),2016,19,4,2,345,115,0.16521739130434782,Volume rendering,2016,3,4,3,273,115,0.02608695652173913
Geology,2017,1,4,0,30,114,0.008771929824561403,Computer graphics (images),2017,9,4,1,728,114,0.07894736842105263,Process (computing),2017,18,4,2,345,114,0.15789473684210525,Volume rendering,2017,2,4,3,273,114,0.017543859649122806
Geology,2018,1,4,0,30,127,0.007874015748031496,Computer graphics (images),2018,7,4,1,728,127,0.05511811023622047,Process (computing),2018,21,4,2,345,127,0.16535433070866143,Volume rendering,2018,3,4,3,273,127,0.023622047244094488
Geology,2019,1,4,0,30,129,0.007751937984496124,Computer graphics (images),2019,2,4,1,728,129,0.015503875968992248,Process (computing),2019,23,4,2,345,129,0.17829457364341086,Volume rendering,2019,1,4,3,273,129,0.007751937984496124
Geology,2020,1,4,0,30,157,0.006369426751592357,Computer graphics (images),2020,10,4,1,728,157,0.06369426751592357,Process (computing),2020,22,4,2,345,157,0.14012738853503184,Volume rendering,2020,6,4,3,273,157,0.03821656050955414
Geology,2021,0,4,0,30,170,0.0,Computer graphics (images),2021,13,4,1,728,170,0.07647058823529412,Process (computing),2021,27,4,2,345,170,0.1588235294117647,Volume rendering,2021,1,4,3,273,170,0.0058823529411764705
Materials science,1990,2,5,0,16,52,0.038461538461538464,Data science,1990,3,5,1,663,52,0.057692307692307696,Context (archaeology),1990,0,5,2,261,52,0.0,Representation (politics),1990,9,5,3,219,52,0.17307692307692307
Materials science,1991,1,5,0,16,50,0.02,Data science,1991,5,5,1,663,50,0.1,Context (archaeology),1991,2,5,2,261,50,0.04,Representation (politics),1991,2,5,3,219,50,0.04
Materials science,1992,0,5,0,16,53,0.0,Data science,1992,4,5,1,663,53,0.07547169811320754,Context (archaeology),1992,1,5,2,261,53,0.018867924528301886,Representation (politics),1992,2,5,3,219,53,0.03773584905660377
Materials science,1993,0,5,0,16,55,0.0,Data science,1993,3,5,1,663,55,0.05454545454545454,Context (archaeology),1993,1,5,2,261,55,0.01818181818181818,Representation (politics),1993,5,5,3,219,55,0.09090909090909091
Materials science,1994,1,5,0,16,53,0.018867924528301886,Data science,1994,3,5,1,663,53,0.05660377358490566,Context (archaeology),1994,1,5,2,261,53,0.018867924528301886,Representation (politics),1994,2,5,3,219,53,0.03773584905660377
Materials science,1995,0,5,0,16,74,0.0,Data science,1995,6,5,1,663,74,0.08108108108108109,Context (archaeology),1995,6,5,2,261,74,0.08108108108108109,Representation (politics),1995,7,5,3,219,74,0.0945945945945946
Materials science,1996,1,5,0,16,77,0.012987012987012988,Data science,1996,7,5,1,663,77,0.09090909090909091,Context (archaeology),1996,4,5,2,261,77,0.05194805194805195,Representation (politics),1996,7,5,3,219,77,0.09090909090909091
Materials science,1997,0,5,0,16,88,0.0,Data science,1997,7,5,1,663,88,0.07954545454545454,Context (archaeology),1997,4,5,2,261,88,0.045454545454545456,Representation (politics),1997,5,5,3,219,88,0.056818181818181816
Materials science,1998,0,5,0,16,90,0.0,Data science,1998,5,5,1,663,90,0.05555555555555555,Context (archaeology),1998,5,5,2,261,90,0.05555555555555555,Representation (politics),1998,7,5,3,219,90,0.07777777777777778
Materials science,1999,0,5,0,16,88,0.0,Data science,1999,9,5,1,663,88,0.10227272727272728,Context (archaeology),1999,3,5,2,261,88,0.03409090909090909,Representation (politics),1999,8,5,3,219,88,0.09090909090909091
Materials science,2000,0,5,0,16,92,0.0,Data science,2000,8,5,1,663,92,0.08695652173913043,Context (archaeology),2000,8,5,2,261,92,0.08695652173913043,Representation (politics),2000,3,5,3,219,92,0.03260869565217391
Materials science,2001,0,5,0,16,96,0.0,Data science,2001,7,5,1,663,96,0.07291666666666667,Context (archaeology),2001,8,5,2,261,96,0.08333333333333333,Representation (politics),2001,4,5,3,219,96,0.041666666666666664
Materials science,2002,0,5,0,16,101,0.0,Data science,2002,5,5,1,663,101,0.04950495049504951,Context (archaeology),2002,6,5,2,261,101,0.0594059405940594,Representation (politics),2002,5,5,3,219,101,0.04950495049504951
Materials science,2003,0,5,0,16,102,0.0,Data science,2003,6,5,1,663,102,0.058823529411764705,Context (archaeology),2003,4,5,2,261,102,0.0392156862745098,Representation (politics),2003,6,5,3,219,102,0.058823529411764705
Materials science,2004,0,5,0,16,97,0.0,Data science,2004,6,5,1,663,97,0.061855670103092786,Context (archaeology),2004,7,5,2,261,97,0.07216494845360824,Representation (politics),2004,5,5,3,219,97,0.05154639175257732
Materials science,2005,0,5,0,16,119,0.0,Data science,2005,8,5,1,663,119,0.06722689075630252,Context (archaeology),2005,4,5,2,261,119,0.03361344537815126,Representation (politics),2005,10,5,3,219,119,0.08403361344537816
Materials science,2006,1,5,0,16,113,0.008849557522123894,Data science,2006,16,5,1,663,113,0.1415929203539823,Context (archaeology),2006,14,5,2,261,113,0.12389380530973451,Representation (politics),2006,6,5,3,219,113,0.05309734513274336
Materials science,2007,1,5,0,16,107,0.009345794392523364,Data science,2007,29,5,1,663,107,0.27102803738317754,Context (archaeology),2007,10,5,2,261,107,0.09345794392523364,Representation (politics),2007,13,5,3,219,107,0.12149532710280374
Materials science,2008,0,5,0,16,99,0.0,Data science,2008,26,5,1,663,99,0.26262626262626265,Context (archaeology),2008,14,5,2,261,99,0.1414141414141414,Representation (politics),2008,10,5,3,219,99,0.10101010101010101
Materials science,2009,0,5,0,16,117,0.0,Data science,2009,21,5,1,663,117,0.1794871794871795,Context (archaeology),2009,10,5,2,261,117,0.08547008547008547,Representation (politics),2009,8,5,3,219,117,0.06837606837606838
Materials science,2010,0,5,0,16,109,0.0,Data science,2010,28,5,1,663,109,0.25688073394495414,Context (archaeology),2010,12,5,2,261,109,0.11009174311926606,Representation (politics),2010,7,5,3,219,109,0.06422018348623854
Materials science,2011,1,5,0,16,119,0.008403361344537815,Data science,2011,29,5,1,663,119,0.24369747899159663,Context (archaeology),2011,15,5,2,261,119,0.12605042016806722,Representation (politics),2011,12,5,3,219,119,0.10084033613445378
Materials science,2012,2,5,0,16,116,0.017241379310344827,Data science,2012,34,5,1,663,116,0.29310344827586204,Context (archaeology),2012,8,5,2,261,116,0.06896551724137931,Representation (politics),2012,5,5,3,219,116,0.04310344827586207
Materials science,2013,0,5,0,16,101,0.0,Data science,2013,29,5,1,663,101,0.2871287128712871,Context (archaeology),2013,12,5,2,261,101,0.1188118811881188,Representation (politics),2013,8,5,3,219,101,0.07920792079207921
Materials science,2014,1,5,0,16,133,0.007518796992481203,Data science,2014,45,5,1,663,133,0.3383458646616541,Context (archaeology),2014,8,5,2,261,133,0.06015037593984962,Representation (politics),2014,7,5,3,219,133,0.05263157894736842
Materials science,2015,2,5,0,16,127,0.015748031496062992,Data science,2015,45,5,1,663,127,0.3543307086614173,Context (archaeology),2015,12,5,2,261,127,0.09448818897637795,Representation (politics),2015,7,5,3,219,127,0.05511811023622047
Materials science,2016,0,5,0,16,115,0.0,Data science,2016,33,5,1,663,115,0.28695652173913044,Context (archaeology),2016,20,5,2,261,115,0.17391304347826086,Representation (politics),2016,8,5,3,219,115,0.06956521739130435
Materials science,2017,0,5,0,16,114,0.0,Data science,2017,38,5,1,663,114,0.3333333333333333,Context (archaeology),2017,10,5,2,261,114,0.08771929824561403,Representation (politics),2017,4,5,3,219,114,0.03508771929824561
Materials science,2018,0,5,0,16,127,0.0,Data science,2018,39,5,1,663,127,0.30708661417322836,Context (archaeology),2018,12,5,2,261,127,0.09448818897637795,Representation (politics),2018,9,5,3,219,127,0.07086614173228346
Materials science,2019,2,5,0,16,129,0.015503875968992248,Data science,2019,46,5,1,663,129,0.35658914728682173,Context (archaeology),2019,13,5,2,261,129,0.10077519379844961,Representation (politics),2019,6,5,3,219,129,0.046511627906976744
Materials science,2020,0,5,0,16,157,0.0,Data science,2020,53,5,1,663,157,0.3375796178343949,Context (archaeology),2020,13,5,2,261,157,0.08280254777070063,Representation (politics),2020,11,5,3,219,157,0.07006369426751592
Materials science,2021,1,5,0,16,170,0.0058823529411764705,Data science,2021,60,5,1,663,170,0.35294117647058826,Context (archaeology),2021,14,5,2,261,170,0.08235294117647059,Representation (politics),2021,11,5,3,219,170,0.06470588235294118
Environmental science,1990,0,6,0,11,52,0.0,Computer vision,1990,14,6,1,627,52,0.2692307692307692,Analytics,1990,0,6,2,246,52,0.0,Interactive visualization,1990,3,6,3,141,52,0.057692307692307696
Environmental science,1991,0,6,0,11,50,0.0,Computer vision,1991,12,6,1,627,50,0.24,Analytics,1991,0,6,2,246,50,0.0,Interactive visualization,1991,3,6,3,141,50,0.06
Environmental science,1992,0,6,0,11,53,0.0,Computer vision,1992,11,6,1,627,53,0.20754716981132076,Analytics,1992,0,6,2,246,53,0.0,Interactive visualization,1992,4,6,3,141,53,0.07547169811320754
Environmental science,1993,1,6,0,11,55,0.01818181818181818,Computer vision,1993,17,6,1,627,55,0.3090909090909091,Analytics,1993,0,6,2,246,55,0.0,Interactive visualization,1993,3,6,3,141,55,0.05454545454545454
Environmental science,1994,3,6,0,11,53,0.05660377358490566,Computer vision,1994,9,6,1,627,53,0.16981132075471697,Analytics,1994,0,6,2,246,53,0.0,Interactive visualization,1994,1,6,3,141,53,0.018867924528301886
Environmental science,1995,0,6,0,11,74,0.0,Computer vision,1995,14,6,1,627,74,0.1891891891891892,Analytics,1995,1,6,2,246,74,0.013513513513513514,Interactive visualization,1995,2,6,3,141,74,0.02702702702702703
Environmental science,1996,0,6,0,11,77,0.0,Computer vision,1996,27,6,1,627,77,0.35064935064935066,Analytics,1996,0,6,2,246,77,0.0,Interactive visualization,1996,5,6,3,141,77,0.06493506493506493
Environmental science,1997,1,6,0,11,88,0.011363636363636364,Computer vision,1997,17,6,1,627,88,0.19318181818181818,Analytics,1997,0,6,2,246,88,0.0,Interactive visualization,1997,3,6,3,141,88,0.03409090909090909
Environmental science,1998,1,6,0,11,90,0.011111111111111112,Computer vision,1998,23,6,1,627,90,0.25555555555555554,Analytics,1998,0,6,2,246,90,0.0,Interactive visualization,1998,2,6,3,141,90,0.022222222222222223
Environmental science,1999,0,6,0,11,88,0.0,Computer vision,1999,22,6,1,627,88,0.25,Analytics,1999,0,6,2,246,88,0.0,Interactive visualization,1999,1,6,3,141,88,0.011363636363636364
Environmental science,2000,0,6,0,11,92,0.0,Computer vision,2000,27,6,1,627,92,0.29347826086956524,Analytics,2000,0,6,2,246,92,0.0,Interactive visualization,2000,3,6,3,141,92,0.03260869565217391
Environmental science,2001,0,6,0,11,96,0.0,Computer vision,2001,27,6,1,627,96,0.28125,Analytics,2001,0,6,2,246,96,0.0,Interactive visualization,2001,2,6,3,141,96,0.020833333333333332
Environmental science,2002,1,6,0,11,101,0.009900990099009901,Computer vision,2002,36,6,1,627,101,0.3564356435643564,Analytics,2002,0,6,2,246,101,0.0,Interactive visualization,2002,6,6,3,141,101,0.0594059405940594
Environmental science,2003,0,6,0,11,102,0.0,Computer vision,2003,38,6,1,627,102,0.37254901960784315,Analytics,2003,0,6,2,246,102,0.0,Interactive visualization,2003,4,6,3,141,102,0.0392156862745098
Environmental science,2004,0,6,0,11,97,0.0,Computer vision,2004,27,6,1,627,97,0.27835051546391754,Analytics,2004,0,6,2,246,97,0.0,Interactive visualization,2004,5,6,3,141,97,0.05154639175257732
Environmental science,2005,0,6,0,11,119,0.0,Computer vision,2005,34,6,1,627,119,0.2857142857142857,Analytics,2005,0,6,2,246,119,0.0,Interactive visualization,2005,0,6,3,141,119,0.0
Environmental science,2006,0,6,0,11,113,0.0,Computer vision,2006,25,6,1,627,113,0.22123893805309736,Analytics,2006,8,6,2,246,113,0.07079646017699115,Interactive visualization,2006,6,6,3,141,113,0.05309734513274336
Environmental science,2007,0,6,0,11,107,0.0,Computer vision,2007,25,6,1,627,107,0.2336448598130841,Analytics,2007,6,6,2,246,107,0.056074766355140186,Interactive visualization,2007,4,6,3,141,107,0.037383177570093455
Environmental science,2008,0,6,0,11,99,0.0,Computer vision,2008,23,6,1,627,99,0.23232323232323232,Analytics,2008,6,6,2,246,99,0.06060606060606061,Interactive visualization,2008,4,6,3,141,99,0.04040404040404041
Environmental science,2009,1,6,0,11,117,0.008547008547008548,Computer vision,2009,28,6,1,627,117,0.23931623931623933,Analytics,2009,11,6,2,246,117,0.09401709401709402,Interactive visualization,2009,6,6,3,141,117,0.05128205128205128
Environmental science,2010,0,6,0,11,109,0.0,Computer vision,2010,21,6,1,627,109,0.1926605504587156,Analytics,2010,11,6,2,246,109,0.10091743119266056,Interactive visualization,2010,6,6,3,141,109,0.05504587155963303
Environmental science,2011,0,6,0,11,119,0.0,Computer vision,2011,31,6,1,627,119,0.2605042016806723,Analytics,2011,13,6,2,246,119,0.1092436974789916,Interactive visualization,2011,6,6,3,141,119,0.05042016806722689
Environmental science,2012,0,6,0,11,116,0.0,Computer vision,2012,16,6,1,627,116,0.13793103448275862,Analytics,2012,18,6,2,246,116,0.15517241379310345,Interactive visualization,2012,5,6,3,141,116,0.04310344827586207
Environmental science,2013,0,6,0,11,101,0.0,Computer vision,2013,16,6,1,627,101,0.15841584158415842,Analytics,2013,8,6,2,246,101,0.07920792079207921,Interactive visualization,2013,4,6,3,141,101,0.039603960396039604
Environmental science,2014,1,6,0,11,133,0.007518796992481203,Computer vision,2014,15,6,1,627,133,0.11278195488721804,Analytics,2014,20,6,2,246,133,0.15037593984962405,Interactive visualization,2014,10,6,3,141,133,0.07518796992481203
Environmental science,2015,1,6,0,11,127,0.007874015748031496,Computer vision,2015,15,6,1,627,127,0.11811023622047244,Analytics,2015,24,6,2,246,127,0.1889763779527559,Interactive visualization,2015,4,6,3,141,127,0.031496062992125984
Environmental science,2016,0,6,0,11,115,0.0,Computer vision,2016,11,6,1,627,115,0.09565217391304348,Analytics,2016,18,6,2,246,115,0.1565217391304348,Interactive visualization,2016,9,6,3,141,115,0.0782608695652174
Environmental science,2017,0,6,0,11,114,0.0,Computer vision,2017,7,6,1,627,114,0.06140350877192982,Analytics,2017,18,6,2,246,114,0.15789473684210525,Interactive visualization,2017,9,6,3,141,114,0.07894736842105263
Environmental science,2018,0,6,0,11,127,0.0,Computer vision,2018,8,6,1,627,127,0.06299212598425197,Analytics,2018,15,6,2,246,127,0.11811023622047244,Interactive visualization,2018,5,6,3,141,127,0.03937007874015748
Environmental science,2019,1,6,0,11,129,0.007751937984496124,Computer vision,2019,9,6,1,627,129,0.06976744186046512,Analytics,2019,23,6,2,246,129,0.17829457364341086,Interactive visualization,2019,2,6,3,141,129,0.015503875968992248
Environmental science,2020,0,6,0,11,157,0.0,Computer vision,2020,9,6,1,627,157,0.05732484076433121,Analytics,2020,23,6,2,246,157,0.1464968152866242,Interactive visualization,2020,6,6,3,141,157,0.03821656050955414
Environmental science,2021,0,6,0,11,170,0.0,Computer vision,2021,13,6,1,627,170,0.07647058823529412,Analytics,2021,23,6,2,246,170,0.13529411764705881,Interactive visualization,2021,8,6,3,141,170,0.047058823529411764
Psychology,1990,0,7,0,9,52,0.0,Algorithm,1990,13,7,1,501,52,0.25,Pattern recognition (psychology),1990,0,7,2,212,52,0.0,Scientific visualization,1990,9,7,3,122,52,0.17307692307692307
Psychology,1991,0,7,0,9,50,0.0,Algorithm,1991,4,7,1,501,50,0.08,Pattern recognition (psychology),1991,2,7,2,212,50,0.04,Scientific visualization,1991,13,7,3,122,50,0.26
Psychology,1992,0,7,0,9,53,0.0,Algorithm,1992,6,7,1,501,53,0.11320754716981132,Pattern recognition (psychology),1992,0,7,2,212,53,0.0,Scientific visualization,1992,10,7,3,122,53,0.18867924528301888
Psychology,1993,0,7,0,9,55,0.0,Algorithm,1993,5,7,1,501,55,0.09090909090909091,Pattern recognition (psychology),1993,1,7,2,212,55,0.01818181818181818,Scientific visualization,1993,4,7,3,122,55,0.07272727272727272
Psychology,1994,0,7,0,9,53,0.0,Algorithm,1994,15,7,1,501,53,0.2830188679245283,Pattern recognition (psychology),1994,1,7,2,212,53,0.018867924528301886,Scientific visualization,1994,4,7,3,122,53,0.07547169811320754
Psychology,1995,0,7,0,9,74,0.0,Algorithm,1995,16,7,1,501,74,0.21621621621621623,Pattern recognition (psychology),1995,3,7,2,212,74,0.04054054054054054,Scientific visualization,1995,2,7,3,122,74,0.02702702702702703
Psychology,1996,0,7,0,9,77,0.0,Algorithm,1996,17,7,1,501,77,0.22077922077922077,Pattern recognition (psychology),1996,2,7,2,212,77,0.025974025974025976,Scientific visualization,1996,6,7,3,122,77,0.07792207792207792
Psychology,1997,0,7,0,9,88,0.0,Algorithm,1997,23,7,1,501,88,0.26136363636363635,Pattern recognition (psychology),1997,4,7,2,212,88,0.045454545454545456,Scientific visualization,1997,4,7,3,122,88,0.045454545454545456
Psychology,1998,0,7,0,9,90,0.0,Algorithm,1998,23,7,1,501,90,0.25555555555555554,Pattern recognition (psychology),1998,6,7,2,212,90,0.06666666666666667,Scientific visualization,1998,2,7,3,122,90,0.022222222222222223
Psychology,1999,0,7,0,9,88,0.0,Algorithm,1999,18,7,1,501,88,0.20454545454545456,Pattern recognition (psychology),1999,3,7,2,212,88,0.03409090909090909,Scientific visualization,1999,3,7,3,122,88,0.03409090909090909
Psychology,2000,0,7,0,9,92,0.0,Algorithm,2000,21,7,1,501,92,0.22826086956521738,Pattern recognition (psychology),2000,2,7,2,212,92,0.021739130434782608,Scientific visualization,2000,2,7,3,122,92,0.021739130434782608
Psychology,2001,0,7,0,9,96,0.0,Algorithm,2001,28,7,1,501,96,0.2916666666666667,Pattern recognition (psychology),2001,6,7,2,212,96,0.0625,Scientific visualization,2001,3,7,3,122,96,0.03125
Psychology,2002,0,7,0,9,101,0.0,Algorithm,2002,27,7,1,501,101,0.26732673267326734,Pattern recognition (psychology),2002,1,7,2,212,101,0.009900990099009901,Scientific visualization,2002,5,7,3,122,101,0.04950495049504951
Psychology,2003,0,7,0,9,102,0.0,Algorithm,2003,27,7,1,501,102,0.2647058823529412,Pattern recognition (psychology),2003,7,7,2,212,102,0.06862745098039216,Scientific visualization,2003,1,7,3,122,102,0.00980392156862745
Psychology,2004,0,7,0,9,97,0.0,Algorithm,2004,24,7,1,501,97,0.24742268041237114,Pattern recognition (psychology),2004,5,7,2,212,97,0.05154639175257732,Scientific visualization,2004,5,7,3,122,97,0.05154639175257732
Psychology,2005,0,7,0,9,119,0.0,Algorithm,2005,18,7,1,501,119,0.15126050420168066,Pattern recognition (psychology),2005,6,7,2,212,119,0.05042016806722689,Scientific visualization,2005,5,7,3,122,119,0.04201680672268908
Psychology,2006,0,7,0,9,113,0.0,Algorithm,2006,14,7,1,501,113,0.12389380530973451,Pattern recognition (psychology),2006,6,7,2,212,113,0.05309734513274336,Scientific visualization,2006,7,7,3,122,113,0.061946902654867256
Psychology,2007,0,7,0,9,107,0.0,Algorithm,2007,14,7,1,501,107,0.1308411214953271,Pattern recognition (psychology),2007,12,7,2,212,107,0.11214953271028037,Scientific visualization,2007,2,7,3,122,107,0.018691588785046728
Psychology,2008,0,7,0,9,99,0.0,Algorithm,2008,16,7,1,501,99,0.16161616161616163,Pattern recognition (psychology),2008,12,7,2,212,99,0.12121212121212122,Scientific visualization,2008,4,7,3,122,99,0.04040404040404041
Psychology,2009,0,7,0,9,117,0.0,Algorithm,2009,16,7,1,501,117,0.13675213675213677,Pattern recognition (psychology),2009,16,7,2,212,117,0.13675213675213677,Scientific visualization,2009,5,7,3,122,117,0.042735042735042736
Psychology,2010,2,7,0,9,109,0.01834862385321101,Algorithm,2010,17,7,1,501,109,0.1559633027522936,Pattern recognition (psychology),2010,8,7,2,212,109,0.07339449541284404,Scientific visualization,2010,2,7,3,122,109,0.01834862385321101
Psychology,2011,0,7,0,9,119,0.0,Algorithm,2011,17,7,1,501,119,0.14285714285714285,Pattern recognition (psychology),2011,9,7,2,212,119,0.07563025210084033,Scientific visualization,2011,3,7,3,122,119,0.025210084033613446
Psychology,2012,0,7,0,9,116,0.0,Algorithm,2012,14,7,1,501,116,0.1206896551724138,Pattern recognition (psychology),2012,8,7,2,212,116,0.06896551724137931,Scientific visualization,2012,2,7,3,122,116,0.017241379310344827
Psychology,2013,0,7,0,9,101,0.0,Algorithm,2013,12,7,1,501,101,0.1188118811881188,Pattern recognition (psychology),2013,4,7,2,212,101,0.039603960396039604,Scientific visualization,2013,2,7,3,122,101,0.019801980198019802
Psychology,2014,1,7,0,9,133,0.007518796992481203,Algorithm,2014,14,7,1,501,133,0.10526315789473684,Pattern recognition (psychology),2014,10,7,2,212,133,0.07518796992481203,Scientific visualization,2014,1,7,3,122,133,0.007518796992481203
Psychology,2015,0,7,0,9,127,0.0,Algorithm,2015,9,7,1,501,127,0.07086614173228346,Pattern recognition (psychology),2015,13,7,2,212,127,0.10236220472440945,Scientific visualization,2015,4,7,3,122,127,0.031496062992125984
Psychology,2016,1,7,0,9,115,0.008695652173913044,Algorithm,2016,10,7,1,501,115,0.08695652173913043,Pattern recognition (psychology),2016,9,7,2,212,115,0.0782608695652174,Scientific visualization,2016,1,7,3,122,115,0.008695652173913044
Psychology,2017,1,7,0,9,114,0.008771929824561403,Algorithm,2017,8,7,1,501,114,0.07017543859649122,Pattern recognition (psychology),2017,10,7,2,212,114,0.08771929824561403,Scientific visualization,2017,2,7,3,122,114,0.017543859649122806
Psychology,2018,1,7,0,9,127,0.007874015748031496,Algorithm,2018,12,7,1,501,127,0.09448818897637795,Pattern recognition (psychology),2018,8,7,2,212,127,0.06299212598425197,Scientific visualization,2018,1,7,3,122,127,0.007874015748031496
Psychology,2019,1,7,0,9,129,0.007751937984496124,Algorithm,2019,11,7,1,501,129,0.08527131782945736,Pattern recognition (psychology),2019,13,7,2,212,129,0.10077519379844961,Scientific visualization,2019,3,7,3,122,129,0.023255813953488372
Psychology,2020,0,7,0,9,157,0.0,Algorithm,2020,13,7,1,501,157,0.08280254777070063,Pattern recognition (psychology),2020,13,7,2,212,157,0.08280254777070063,Scientific visualization,2020,3,7,3,122,157,0.01910828025477707
Psychology,2021,2,7,0,9,170,0.011764705882352941,Algorithm,2021,19,7,1,501,170,0.11176470588235295,Pattern recognition (psychology),2021,12,7,2,212,170,0.07058823529411765,Scientific visualization,2021,2,7,3,122,170,0.011764705882352941
Medicine,1990,0,8,0,9,52,0.0,Theoretical computer science,1990,7,8,1,424,52,0.1346153846153846,Domain (mathematical analysis),1990,4,8,2,198,52,0.07692307692307693,Isosurface,1990,0,8,3,104,52,0.0
Medicine,1991,0,8,0,9,50,0.0,Theoretical computer science,1991,5,8,1,424,50,0.1,Domain (mathematical analysis),1991,0,8,2,198,50,0.0,Isosurface,1991,4,8,3,104,50,0.08
Medicine,1992,0,8,0,9,53,0.0,Theoretical computer science,1992,2,8,1,424,53,0.03773584905660377,Domain (mathematical analysis),1992,0,8,2,198,53,0.0,Isosurface,1992,1,8,3,104,53,0.018867924528301886
Medicine,1993,0,8,0,9,55,0.0,Theoretical computer science,1993,3,8,1,424,55,0.05454545454545454,Domain (mathematical analysis),1993,1,8,2,198,55,0.01818181818181818,Isosurface,1993,0,8,3,104,55,0.0
Medicine,1994,0,8,0,9,53,0.0,Theoretical computer science,1994,4,8,1,424,53,0.07547169811320754,Domain (mathematical analysis),1994,2,8,2,198,53,0.03773584905660377,Isosurface,1994,6,8,3,104,53,0.11320754716981132
Medicine,1995,0,8,0,9,74,0.0,Theoretical computer science,1995,8,8,1,424,74,0.10810810810810811,Domain (mathematical analysis),1995,1,8,2,198,74,0.013513513513513514,Isosurface,1995,4,8,3,104,74,0.05405405405405406
Medicine,1996,0,8,0,9,77,0.0,Theoretical computer science,1996,4,8,1,424,77,0.05194805194805195,Domain (mathematical analysis),1996,4,8,2,198,77,0.05194805194805195,Isosurface,1996,6,8,3,104,77,0.07792207792207792
Medicine,1997,0,8,0,9,88,0.0,Theoretical computer science,1997,10,8,1,424,88,0.11363636363636363,Domain (mathematical analysis),1997,3,8,2,198,88,0.03409090909090909,Isosurface,1997,6,8,3,104,88,0.06818181818181818
Medicine,1998,0,8,0,9,90,0.0,Theoretical computer science,1998,9,8,1,424,90,0.1,Domain (mathematical analysis),1998,3,8,2,198,90,0.03333333333333333,Isosurface,1998,4,8,3,104,90,0.044444444444444446
Medicine,1999,0,8,0,9,88,0.0,Theoretical computer science,1999,9,8,1,424,88,0.10227272727272728,Domain (mathematical analysis),1999,3,8,2,198,88,0.03409090909090909,Isosurface,1999,2,8,3,104,88,0.022727272727272728
Medicine,2000,0,8,0,9,92,0.0,Theoretical computer science,2000,12,8,1,424,92,0.13043478260869565,Domain (mathematical analysis),2000,4,8,2,198,92,0.043478260869565216,Isosurface,2000,5,8,3,104,92,0.05434782608695652
Medicine,2001,1,8,0,9,96,0.010416666666666666,Theoretical computer science,2001,16,8,1,424,96,0.16666666666666666,Domain (mathematical analysis),2001,3,8,2,198,96,0.03125,Isosurface,2001,1,8,3,104,96,0.010416666666666666
Medicine,2002,0,8,0,9,101,0.0,Theoretical computer science,2002,18,8,1,424,101,0.1782178217821782,Domain (mathematical analysis),2002,3,8,2,198,101,0.0297029702970297,Isosurface,2002,6,8,3,104,101,0.0594059405940594
Medicine,2003,0,8,0,9,102,0.0,Theoretical computer science,2003,19,8,1,424,102,0.18627450980392157,Domain (mathematical analysis),2003,1,8,2,198,102,0.00980392156862745,Isosurface,2003,11,8,3,104,102,0.10784313725490197
Medicine,2004,1,8,0,9,97,0.010309278350515464,Theoretical computer science,2004,12,8,1,424,97,0.12371134020618557,Domain (mathematical analysis),2004,2,8,2,198,97,0.020618556701030927,Isosurface,2004,10,8,3,104,97,0.10309278350515463
Medicine,2005,0,8,0,9,119,0.0,Theoretical computer science,2005,20,8,1,424,119,0.16806722689075632,Domain (mathematical analysis),2005,3,8,2,198,119,0.025210084033613446,Isosurface,2005,2,8,3,104,119,0.01680672268907563
Medicine,2006,0,8,0,9,113,0.0,Theoretical computer science,2006,13,8,1,424,113,0.11504424778761062,Domain (mathematical analysis),2006,2,8,2,198,113,0.017699115044247787,Isosurface,2006,7,8,3,104,113,0.061946902654867256
Medicine,2007,0,8,0,9,107,0.0,Theoretical computer science,2007,11,8,1,424,107,0.102803738317757,Domain (mathematical analysis),2007,4,8,2,198,107,0.037383177570093455,Isosurface,2007,4,8,3,104,107,0.037383177570093455
Medicine,2008,0,8,0,9,99,0.0,Theoretical computer science,2008,16,8,1,424,99,0.16161616161616163,Domain (mathematical analysis),2008,5,8,2,198,99,0.050505050505050504,Isosurface,2008,4,8,3,104,99,0.04040404040404041
Medicine,2009,0,8,0,9,117,0.0,Theoretical computer science,2009,18,8,1,424,117,0.15384615384615385,Domain (mathematical analysis),2009,6,8,2,198,117,0.05128205128205128,Isosurface,2009,8,8,3,104,117,0.06837606837606838
Medicine,2010,0,8,0,9,109,0.0,Theoretical computer science,2010,15,8,1,424,109,0.13761467889908258,Domain (mathematical analysis),2010,8,8,2,198,109,0.07339449541284404,Isosurface,2010,3,8,3,104,109,0.027522935779816515
Medicine,2011,0,8,0,9,119,0.0,Theoretical computer science,2011,24,8,1,424,119,0.20168067226890757,Domain (mathematical analysis),2011,9,8,2,198,119,0.07563025210084033,Isosurface,2011,3,8,3,104,119,0.025210084033613446
Medicine,2012,0,8,0,9,116,0.0,Theoretical computer science,2012,16,8,1,424,116,0.13793103448275862,Domain (mathematical analysis),2012,9,8,2,198,116,0.07758620689655173,Isosurface,2012,1,8,3,104,116,0.008620689655172414
Medicine,2013,0,8,0,9,101,0.0,Theoretical computer science,2013,15,8,1,424,101,0.1485148514851485,Domain (mathematical analysis),2013,10,8,2,198,101,0.09900990099009901,Isosurface,2013,1,8,3,104,101,0.009900990099009901
Medicine,2014,1,8,0,9,133,0.007518796992481203,Theoretical computer science,2014,12,8,1,424,133,0.09022556390977443,Domain (mathematical analysis),2014,13,8,2,198,133,0.09774436090225563,Isosurface,2014,0,8,3,104,133,0.0
Medicine,2015,0,8,0,9,127,0.0,Theoretical computer science,2015,18,8,1,424,127,0.14173228346456693,Domain (mathematical analysis),2015,17,8,2,198,127,0.13385826771653545,Isosurface,2015,1,8,3,104,127,0.007874015748031496
Medicine,2016,2,8,0,9,115,0.017391304347826087,Theoretical computer science,2016,11,8,1,424,115,0.09565217391304348,Domain (mathematical analysis),2016,12,8,2,198,115,0.10434782608695652,Isosurface,2016,1,8,3,104,115,0.008695652173913044
Medicine,2017,0,8,0,9,114,0.0,Theoretical computer science,2017,16,8,1,424,114,0.14035087719298245,Domain (mathematical analysis),2017,10,8,2,198,114,0.08771929824561403,Isosurface,2017,0,8,3,104,114,0.0
Medicine,2018,0,8,0,9,127,0.0,Theoretical computer science,2018,14,8,1,424,127,0.11023622047244094,Domain (mathematical analysis),2018,15,8,2,198,127,0.11811023622047244,Isosurface,2018,2,8,3,104,127,0.015748031496062992
Medicine,2019,1,8,0,9,129,0.007751937984496124,Theoretical computer science,2019,16,8,1,424,129,0.12403100775193798,Domain (mathematical analysis),2019,16,8,2,198,129,0.12403100775193798,Isosurface,2019,0,8,3,104,129,0.0
Medicine,2020,1,8,0,9,157,0.006369426751592357,Theoretical computer science,2020,22,8,1,424,157,0.14012738853503184,Domain (mathematical analysis),2020,13,8,2,198,157,0.08280254777070063,Isosurface,2020,0,8,3,104,157,0.0
Medicine,2021,2,8,0,9,170,0.011764705882352941,Theoretical computer science,2021,29,8,1,424,170,0.17058823529411765,Domain (mathematical analysis),2021,12,8,2,198,170,0.07058823529411765,Isosurface,2021,1,8,3,104,170,0.0058823529411764705
Chemistry,1990,0,9,0,7,52,0.0,Information retrieval,1990,4,9,1,416,52,0.07692307692307693,Graph,1990,1,9,2,158,52,0.019230769230769232,Graph drawing,1990,0,9,3,84,52,0.0
Chemistry,1991,0,9,0,7,50,0.0,Information retrieval,1991,3,9,1,416,50,0.06,Graph,1991,0,9,2,158,50,0.0,Graph drawing,1991,0,9,3,84,50,0.0
Chemistry,1992,0,9,0,7,53,0.0,Information retrieval,1992,4,9,1,416,53,0.07547169811320754,Graph,1992,0,9,2,158,53,0.0,Graph drawing,1992,0,9,3,84,53,0.0
Chemistry,1993,0,9,0,7,55,0.0,Information retrieval,1993,4,9,1,416,55,0.07272727272727272,Graph,1993,0,9,2,158,55,0.0,Graph drawing,1993,0,9,3,84,55,0.0
Chemistry,1994,0,9,0,7,53,0.0,Information retrieval,1994,2,9,1,416,53,0.03773584905660377,Graph,1994,2,9,2,158,53,0.03773584905660377,Graph drawing,1994,0,9,3,84,53,0.0
Chemistry,1995,0,9,0,7,74,0.0,Information retrieval,1995,12,9,1,416,74,0.16216216216216217,Graph,1995,2,9,2,158,74,0.02702702702702703,Graph drawing,1995,0,9,3,84,74,0.0
Chemistry,1996,0,9,0,7,77,0.0,Information retrieval,1996,7,9,1,416,77,0.09090909090909091,Graph,1996,1,9,2,158,77,0.012987012987012988,Graph drawing,1996,0,9,3,84,77,0.0
Chemistry,1997,0,9,0,7,88,0.0,Information retrieval,1997,8,9,1,416,88,0.09090909090909091,Graph,1997,2,9,2,158,88,0.022727272727272728,Graph drawing,1997,1,9,3,84,88,0.011363636363636364
Chemistry,1998,0,9,0,7,90,0.0,Information retrieval,1998,4,9,1,416,90,0.044444444444444446,Graph,1998,0,9,2,158,90,0.0,Graph drawing,1998,0,9,3,84,90,0.0
Chemistry,1999,1,9,0,7,88,0.011363636363636364,Information retrieval,1999,10,9,1,416,88,0.11363636363636363,Graph,1999,2,9,2,158,88,0.022727272727272728,Graph drawing,1999,2,9,3,84,88,0.022727272727272728
Chemistry,2000,0,9,0,7,92,0.0,Information retrieval,2000,9,9,1,416,92,0.09782608695652174,Graph,2000,2,9,2,158,92,0.021739130434782608,Graph drawing,2000,1,9,3,84,92,0.010869565217391304
Chemistry,2001,0,9,0,7,96,0.0,Information retrieval,2001,4,9,1,416,96,0.041666666666666664,Graph,2001,4,9,2,158,96,0.041666666666666664,Graph drawing,2001,3,9,3,84,96,0.03125
Chemistry,2002,1,9,0,7,101,0.009900990099009901,Information retrieval,2002,9,9,1,416,101,0.0891089108910891,Graph,2002,3,9,2,158,101,0.0297029702970297,Graph drawing,2002,0,9,3,84,101,0.0
Chemistry,2003,0,9,0,7,102,0.0,Information retrieval,2003,3,9,1,416,102,0.029411764705882353,Graph,2003,5,9,2,158,102,0.049019607843137254,Graph drawing,2003,4,9,3,84,102,0.0392156862745098
Chemistry,2004,0,9,0,7,97,0.0,Information retrieval,2004,6,9,1,416,97,0.061855670103092786,Graph,2004,6,9,2,158,97,0.061855670103092786,Graph drawing,2004,3,9,3,84,97,0.030927835051546393
Chemistry,2005,1,9,0,7,119,0.008403361344537815,Information retrieval,2005,7,9,1,416,119,0.058823529411764705,Graph,2005,7,9,2,158,119,0.058823529411764705,Graph drawing,2005,4,9,3,84,119,0.03361344537815126
Chemistry,2006,0,9,0,7,113,0.0,Information retrieval,2006,20,9,1,416,113,0.17699115044247787,Graph,2006,7,9,2,158,113,0.061946902654867256,Graph drawing,2006,3,9,3,84,113,0.02654867256637168
Chemistry,2007,0,9,0,7,107,0.0,Information retrieval,2007,24,9,1,416,107,0.22429906542056074,Graph,2007,4,9,2,158,107,0.037383177570093455,Graph drawing,2007,2,9,3,84,107,0.018691588785046728
Chemistry,2008,0,9,0,7,99,0.0,Information retrieval,2008,15,9,1,416,99,0.15151515151515152,Graph,2008,11,9,2,158,99,0.1111111111111111,Graph drawing,2008,6,9,3,84,99,0.06060606060606061
Chemistry,2009,2,9,0,7,117,0.017094017094017096,Information retrieval,2009,22,9,1,416,117,0.18803418803418803,Graph,2009,10,9,2,158,117,0.08547008547008547,Graph drawing,2009,5,9,3,84,117,0.042735042735042736
Chemistry,2010,0,9,0,7,109,0.0,Information retrieval,2010,16,9,1,416,109,0.14678899082568808,Graph,2010,6,9,2,158,109,0.05504587155963303,Graph drawing,2010,2,9,3,84,109,0.01834862385321101
Chemistry,2011,0,9,0,7,119,0.0,Information retrieval,2011,11,9,1,416,119,0.09243697478991597,Graph,2011,11,9,2,158,119,0.09243697478991597,Graph drawing,2011,7,9,3,84,119,0.058823529411764705
Chemistry,2012,0,9,0,7,116,0.0,Information retrieval,2012,22,9,1,416,116,0.1896551724137931,Graph,2012,5,9,2,158,116,0.04310344827586207,Graph drawing,2012,3,9,3,84,116,0.02586206896551724
Chemistry,2013,0,9,0,7,101,0.0,Information retrieval,2013,18,9,1,416,101,0.1782178217821782,Graph,2013,6,9,2,158,101,0.0594059405940594,Graph drawing,2013,5,9,3,84,101,0.04950495049504951
Chemistry,2014,2,9,0,7,133,0.015037593984962405,Information retrieval,2014,22,9,1,416,133,0.16541353383458646,Graph,2014,6,9,2,158,133,0.045112781954887216,Graph drawing,2014,3,9,3,84,133,0.022556390977443608
Chemistry,2015,0,9,0,7,127,0.0,Information retrieval,2015,23,9,1,416,127,0.18110236220472442,Graph,2015,8,9,2,158,127,0.06299212598425197,Graph drawing,2015,3,9,3,84,127,0.023622047244094488
Chemistry,2016,0,9,0,7,115,0.0,Information retrieval,2016,27,9,1,416,115,0.23478260869565218,Graph,2016,5,9,2,158,115,0.043478260869565216,Graph drawing,2016,4,9,3,84,115,0.034782608695652174
Chemistry,2017,0,9,0,7,114,0.0,Information retrieval,2017,22,9,1,416,114,0.19298245614035087,Graph,2017,10,9,2,158,114,0.08771929824561403,Graph drawing,2017,2,9,3,84,114,0.017543859649122806
Chemistry,2018,0,9,0,7,127,0.0,Information retrieval,2018,17,9,1,416,127,0.13385826771653545,Graph,2018,3,9,2,158,127,0.023622047244094488,Graph drawing,2018,2,9,3,84,127,0.015748031496062992
Chemistry,2019,0,9,0,7,129,0.0,Information retrieval,2019,14,9,1,416,129,0.10852713178294573,Graph,2019,7,9,2,158,129,0.05426356589147287,Graph drawing,2019,4,9,3,84,129,0.031007751937984496
Chemistry,2020,0,9,0,7,157,0.0,Information retrieval,2020,24,9,1,416,157,0.15286624203821655,Graph,2020,10,9,2,158,157,0.06369426751592357,Graph drawing,2020,6,9,3,84,157,0.03821656050955414
Chemistry,2021,0,9,0,7,170,0.0,Information retrieval,2021,23,9,1,416,170,0.13529411764705881,Graph,2021,12,9,2,158,170,0.07058823529411765,Graph drawing,2021,9,9,3,84,170,0.052941176470588235
Biology,1990,1,10,0,4,52,0.019230769230769232,Machine learning,1990,0,10,1,251,52,0.0,Focus (optics),1990,0,10,2,156,52,0.0,Flow visualization,1990,1,10,3,77,52,0.019230769230769232
Biology,1991,0,10,0,4,50,0.0,Machine learning,1991,0,10,1,251,50,0.0,Focus (optics),1991,1,10,2,156,50,0.02,Flow visualization,1991,2,10,3,77,50,0.04
Biology,1992,0,10,0,4,53,0.0,Machine learning,1992,0,10,1,251,53,0.0,Focus (optics),1992,1,10,2,156,53,0.018867924528301886,Flow visualization,1992,4,10,3,77,53,0.07547169811320754
Biology,1993,1,10,0,4,55,0.01818181818181818,Machine learning,1993,0,10,1,251,55,0.0,Focus (optics),1993,2,10,2,156,55,0.03636363636363636,Flow visualization,1993,5,10,3,77,55,0.09090909090909091
Biology,1994,0,10,0,4,53,0.0,Machine learning,1994,0,10,1,251,53,0.0,Focus (optics),1994,1,10,2,156,53,0.018867924528301886,Flow visualization,1994,3,10,3,77,53,0.05660377358490566
Biology,1995,1,10,0,4,74,0.013513513513513514,Machine learning,1995,0,10,1,251,74,0.0,Focus (optics),1995,2,10,2,156,74,0.02702702702702703,Flow visualization,1995,5,10,3,77,74,0.06756756756756757
Biology,1996,0,10,0,4,77,0.0,Machine learning,1996,0,10,1,251,77,0.0,Focus (optics),1996,2,10,2,156,77,0.025974025974025976,Flow visualization,1996,5,10,3,77,77,0.06493506493506493
Biology,1997,0,10,0,4,88,0.0,Machine learning,1997,1,10,1,251,88,0.011363636363636364,Focus (optics),1997,2,10,2,156,88,0.022727272727272728,Flow visualization,1997,1,10,3,77,88,0.011363636363636364
Biology,1998,0,10,0,4,90,0.0,Machine learning,1998,1,10,1,251,90,0.011111111111111112,Focus (optics),1998,4,10,2,156,90,0.044444444444444446,Flow visualization,1998,2,10,3,77,90,0.022222222222222223
Biology,1999,0,10,0,4,88,0.0,Machine learning,1999,1,10,1,251,88,0.011363636363636364,Focus (optics),1999,4,10,2,156,88,0.045454545454545456,Flow visualization,1999,2,10,3,77,88,0.022727272727272728
Biology,2000,0,10,0,4,92,0.0,Machine learning,2000,2,10,1,251,92,0.021739130434782608,Focus (optics),2000,3,10,2,156,92,0.03260869565217391,Flow visualization,2000,1,10,3,77,92,0.010869565217391304
Biology,2001,0,10,0,4,96,0.0,Machine learning,2001,3,10,1,251,96,0.03125,Focus (optics),2001,5,10,2,156,96,0.052083333333333336,Flow visualization,2001,3,10,3,77,96,0.03125
Biology,2002,0,10,0,4,101,0.0,Machine learning,2002,1,10,1,251,101,0.009900990099009901,Focus (optics),2002,8,10,2,156,101,0.07920792079207921,Flow visualization,2002,2,10,3,77,101,0.019801980198019802
Biology,2003,0,10,0,4,102,0.0,Machine learning,2003,0,10,1,251,102,0.0,Focus (optics),2003,5,10,2,156,102,0.049019607843137254,Flow visualization,2003,3,10,3,77,102,0.029411764705882353
Biology,2004,0,10,0,4,97,0.0,Machine learning,2004,0,10,1,251,97,0.0,Focus (optics),2004,7,10,2,156,97,0.07216494845360824,Flow visualization,2004,4,10,3,77,97,0.041237113402061855
Biology,2005,0,10,0,4,119,0.0,Machine learning,2005,3,10,1,251,119,0.025210084033613446,Focus (optics),2005,7,10,2,156,119,0.058823529411764705,Flow visualization,2005,5,10,3,77,119,0.04201680672268908
Biology,2006,0,10,0,4,113,0.0,Machine learning,2006,3,10,1,251,113,0.02654867256637168,Focus (optics),2006,8,10,2,156,113,0.07079646017699115,Flow visualization,2006,2,10,3,77,113,0.017699115044247787
Biology,2007,0,10,0,4,107,0.0,Machine learning,2007,3,10,1,251,107,0.028037383177570093,Focus (optics),2007,12,10,2,156,107,0.11214953271028037,Flow visualization,2007,3,10,3,77,107,0.028037383177570093
Biology,2008,0,10,0,4,99,0.0,Machine learning,2008,3,10,1,251,99,0.030303030303030304,Focus (optics),2008,4,10,2,156,99,0.04040404040404041,Flow visualization,2008,3,10,3,77,99,0.030303030303030304
Biology,2009,0,10,0,4,117,0.0,Machine learning,2009,4,10,1,251,117,0.03418803418803419,Focus (optics),2009,10,10,2,156,117,0.08547008547008547,Flow visualization,2009,0,10,3,77,117,0.0
Biology,2010,1,10,0,4,109,0.009174311926605505,Machine learning,2010,4,10,1,251,109,0.03669724770642202,Focus (optics),2010,3,10,2,156,109,0.027522935779816515,Flow visualization,2010,3,10,3,77,109,0.027522935779816515
Biology,2011,0,10,0,4,119,0.0,Machine learning,2011,8,10,1,251,119,0.06722689075630252,Focus (optics),2011,12,10,2,156,119,0.10084033613445378,Flow visualization,2011,5,10,3,77,119,0.04201680672268908
Biology,2012,0,10,0,4,116,0.0,Machine learning,2012,10,10,1,251,116,0.08620689655172414,Focus (optics),2012,3,10,2,156,116,0.02586206896551724,Flow visualization,2012,3,10,3,77,116,0.02586206896551724
Biology,2013,0,10,0,4,101,0.0,Machine learning,2013,11,10,1,251,101,0.10891089108910891,Focus (optics),2013,3,10,2,156,101,0.0297029702970297,Flow visualization,2013,0,10,3,77,101,0.0
Biology,2014,0,10,0,4,133,0.0,Machine learning,2014,16,10,1,251,133,0.12030075187969924,Focus (optics),2014,9,10,2,156,133,0.06766917293233082,Flow visualization,2014,0,10,3,77,133,0.0
Biology,2015,0,10,0,4,127,0.0,Machine learning,2015,19,10,1,251,127,0.14960629921259844,Focus (optics),2015,3,10,2,156,127,0.023622047244094488,Flow visualization,2015,4,10,3,77,127,0.031496062992125984
Biology,2016,0,10,0,4,115,0.0,Machine learning,2016,12,10,1,251,115,0.10434782608695652,Focus (optics),2016,5,10,2,156,115,0.043478260869565216,Flow visualization,2016,0,10,3,77,115,0.0
Biology,2017,0,10,0,4,114,0.0,Machine learning,2017,28,10,1,251,114,0.24561403508771928,Focus (optics),2017,8,10,2,156,114,0.07017543859649122,Flow visualization,2017,0,10,3,77,114,0.0
Biology,2018,0,10,0,4,127,0.0,Machine learning,2018,24,10,1,251,127,0.1889763779527559,Focus (optics),2018,8,10,2,156,127,0.06299212598425197,Flow visualization,2018,3,10,3,77,127,0.023622047244094488
Biology,2019,0,10,0,4,129,0.0,Machine learning,2019,28,10,1,251,129,0.21705426356589147,Focus (optics),2019,8,10,2,156,129,0.06201550387596899,Flow visualization,2019,1,10,3,77,129,0.007751937984496124
Biology,2020,0,10,0,4,157,0.0,Machine learning,2020,42,10,1,251,157,0.267515923566879,Focus (optics),2020,3,10,2,156,157,0.01910828025477707,Flow visualization,2020,2,10,3,77,157,0.012738853503184714
Biology,2021,0,10,0,4,170,0.0,Machine learning,2021,24,10,1,251,170,0.1411764705882353,Focus (optics),2021,3,10,2,156,170,0.01764705882352941,Flow visualization,2021,0,10,3,77,170,0.0
